{
    "metadata": {
        "date_span": [
            "20220117",
            "20221231"
        ],
        "initial_pop_size": 50,
        "algo_id": "mbh",
        "algo_params": {
            "max_fevals": 300
        }
    },
    "results": {
        "20220117": {
            "x": [
                [
                    6.11429600518995,
                    56.83288956074129
                ],
                [
                    7.696475270927144,
                    46.34101410260882
                ],
                [
                    7.425602483149655,
                    47.5745477859132
                ],
                [
                    7.619946737949443,
                    46.67054812780561
                ],
                [
                    10.004017365317678,
                    40.27982199786303
                ],
                [
                    8.916082242705986,
                    42.405299062530666
                ],
                [
                    6.978422602600937,
                    49.908787404187066
                ],
                [
                    9.918536328913198,
                    40.41337338430945
                ],
                [
                    18.783579612867772,
                    12.632423194858147
                ],
                [
                    14.003352220030152,
                    14.515571615992197
                ],
                [
                    10.118924875231166,
                    15.975401648888123
                ],
                [
                    17.78683646192257,
                    12.954591315156543
                ],
                [
                    13.682296215776908,
                    14.4123590468513
                ],
                [
                    15.554060810663335,
                    13.88853030446941
                ],
                [
                    15.673147430249957,
                    13.810971950304431
                ],
                [
                    16.598360838675383,
                    13.437746832376765
                ],
                [
                    14.188593923253906,
                    14.326531834545316
                ],
                [
                    20.2486028019821,
                    11.0
                ],
                [
                    7.416532373510034,
                    47.629385847144604
                ],
                [
                    6.176592089595649,
                    56.16422860965742
                ],
                [
                    9.524349584627354,
                    41.08473621017243
                ],
                [
                    7.201418497546073,
                    48.56991397820461
                ],
                [
                    9.736297257404543,
                    40.78221287849136
                ],
                [
                    9.810142321821415,
                    40.56988658549927
                ]
            ],
            "fitness": [
                [
                    1.8080917078430685,
                    0.001829704545606603,
                    -0.9549256152704402,
                    -5.874925615270442,
                    -2.8850743847295632,
                    -13.091978474004726
                ],
                [
                    1.191230858552449,
                    0.002842276494348539,
                    -2.4031951444665722,
                    -7.323195144466574,
                    -1.4368048555334312,
                    -10.190767434572507
                ],
                [
                    1.2406344767801065,
                    0.0016421855673272034,
                    -2.199033645476405,
                    -7.1190336454764065,
                    -1.6409663545235986,
                    -10.603574894614518
                ],
                [
                    1.2036016138580008,
                    0.0020326118431199802,
                    -2.3469853992168694,
                    -7.266985399216871,
                    -1.493014600783134,
                    -10.303996589723141
                ],
                [
                    1.1327737843411612,
                    0.00411714379834649,
                    -3.694162795423125,
                    -8.614162795423127,
                    -0.14583720457687832,
                    -7.615791552952096
                ],
                [
                    1.1026950626296352,
                    0.004645768173180187,
                    -3.1687670667173222,
                    -8.088767066717324,
                    -0.6712329332826812,
                    -8.657820098392172
                ],
                [
                    1.352619967877967,
                    0.004366723780144355,
                    -1.8273055932778846,
                    -6.747305593277886,
                    -2.012694406722119,
                    -11.341022089664087
                ],
                [
                    1.127825344868842,
                    0.003113784380566642,
                    -3.6570537488228467,
                    -8.577053748822848,
                    -0.18294625117715668,
                    -7.689006286734873
                ],
                [
                    2.567003776524,
                    0.0012107887595114164,
                    -4.0,
                    -8.920000000000002,
                    0.1599999999999966,
                    -1.4089837630802222
                ],
                [
                    1.304035895370629,
                    0.0012148633659663233,
                    -4.0,
                    -8.920000000000002,
                    0.1599999999999966,
                    -2.1270279892999397
                ],
                [
                    0.6795989368586914,
                    0.0020490249897449075,
                    -4.0,
                    -8.920000000000002,
                    0.1599999999999966,
                    -3.2548923692741383
                ],
                [
                    2.253433608894397,
                    4.130105310196086e-06,
                    -4.0,
                    -8.920000000000002,
                    0.1599999999999966,
                    -1.5285945021771923
                ],
                [
                    1.236916190840117,
                    0.00020273936552328564,
                    -4.0,
                    -8.920000000000002,
                    0.1599999999999966,
                    -2.191157346673471
                ],
                [
                    1.649714267973399,
                    0.0007157144240821367,
                    -4.0,
                    -8.920000000000002,
                    0.1599999999999966,
                    -1.8479821701423944
                ],
                [
                    1.6783366866219036,
                    0.0004076558927010865,
                    -4.0,
                    -8.920000000000002,
                    0.1599999999999966,
                    -1.8276503283416687
                ],
                [
                    1.9158118632205214,
                    0.0003133674662478825,
                    -4.0,
                    -8.920000000000002,
                    0.1599999999999966,
                    -1.6881970356792309
                ],
                [
                    1.3409044647442476,
                    0.00017613955689199656,
                    -4.0,
                    -8.920000000000002,
                    0.1599999999999966,
                    -2.0896729608287288
                ],
                [
                    3.060606370353943,
                    0.0005094662767000102,
                    -4.0,
                    -8.920000000000002,
                    0.1599999999999966,
                    -1.2564566677467965
                ],
                [
